{"cv1": [{"epoch": 1, "train_loss": 1.07798834232723, "val_loss": 1.060977429151535, "val_acc": 0.41818181818181815, "train_time": "0:00:11", "val_time": "0:00:00"}], "cv2": [{"epoch": 1, "train_loss": 1.08443543139626, "val_loss": 1.0136726647615433, "val_acc": 0.3894420394420395, "train_time": "0:00:11", "val_time": "0:00:00"}]}