{"epoch_year": [0.6138426712988116, 0.6075208255032817, 0.5815018152737451, 0.6372955179972725, 0.5749769480032637, 0.6168362095993678, 0.5994215336320601, 0.5875748277064066, 0.649433802065381, 0.5820843711194589], "epoch_poet": [0.6544033695349485, 0.7077103533243885, 0.6570449855537573, 0.6777613224981648, 0.6618240677451204, 0.6616906485327538, 0.658711593799313, 0.6719469127363865, 0.5862598415229994, 0.6595972740709584]}