{"epoch_year": [0.6616604355240719, 0.5704505371172037, 0.5667896497441952, 0.5724058769513315, 0.5831569664902999, 0.6518939393939394, 0.5577222440858804, 0.6106180856180856, 0.5361340679522497, 0.5179937907210634], "epoch_poet": [0.6869222528313438, 0.6132401268764904, 0.5457387730115003, 0.6209973107700381, 0.5614470125833763, 0.6331649831649832, 0.59087629542175, 0.47850404365555876, 0.48367222003585636, 0.5972533779351961]}