{"epoch_year": [0.6182771920313116, 0.532052254293807, 0.508636039101989, 0.48822061191626415, 0.6219739825754864, 0.4845310907237512, 0.56133114147844, 0.5647563033678382, 0.6148139932511706, 0.5025036371137602], "epoch_poet": [0.6759385352735737, 0.6742652465284342, 0.6489088210585657, 0.7003125320203551, 0.6319722787839818, 0.673952880536756, 0.6484658571615093, 0.6117484834045994, 0.6756325156325156, 0.6659164162122054]}