{"epoch_year": [0.6149046859573176, 0.5873893487928576, 0.5740840543472122, 0.6452340057603215, 0.5976541002856792, 0.5826556322170359, 0.5868188504153417, 0.603231547529793, 0.555199381515171, 0.6110528198247498], "epoch_poet": [0.6891893032243909, 0.6524587985114302, 0.6703709708095674, 0.6788485393748552, 0.6165334503053802, 0.6244877766807592, 0.6784279722876215, 0.68034395753694, 0.6201913258930803, 0.6270838648031631]}