{"epoch_year": [0.4122914122914123], "epoch_poet": [0.7171501148424225]}