{"epoch_year": [0.575247851563641, 0.5790245816561604, 0.5621472581998898, 0.5915333204806889, 0.5580724830724831, 0.5041008698903435, 0.6130333604017814, 0.5247374457900773, 0.5479026821132083, 0.598488889278363], "epoch_poet": [0.5136477557530189, 0.6295296321612112, 0.5915470494417863, 0.637164881901724, 0.6304220146325409, 0.5557606136553506, 0.5801656920077972, 0.6705615047720311, 0.6303637882585251, 0.5779765069238753]}