{"epoch_year": [0.6816407763776186, 0.6492774769090557, 0.5728583794373268, 0.6713770147980673, 0.657068613647561, 0.588487779277253, 0.6302450960345698, 0.6473530368267209, 0.7001844159738897, 0.5847395294763715], "epoch_poet": [0.7013056631477683, 0.6783575099364573, 0.7167348733138206, 0.6629243563454089, 0.6411021239968608, 0.6550505050505051, 0.6506892230576442, 0.719667223614592, 0.6015675357780621, 0.6628344852029063]}