{"epoch_year": [0.6791973157826816, 0.6499875794031017, 0.6778163002065299, 0.6419217991076749, 0.6324216333264591, 0.6133293002621496, 0.6807389460932768, 0.5938793954583428, 0.6431946400853497, 0.6858942889870724], "epoch_poet": [0.780919725898205, 0.7740425524301159, 0.7899286451772639, 0.7859674125915292, 0.7712794529842729, 0.7569536333687276, 0.7666044807374895, 0.7253186495264609, 0.7402364028598649, 0.7622537452421637]}