{"epoch_year": [0.6580405747204543, 0.6172428481750516, 0.5858117795492345, 0.6579442336248144, 0.585162252035317, 0.5892255892255892, 0.6708386457833768, 0.6544695253211846, 0.6458641975308642, 0.5536881419234361], "epoch_poet": [0.6354858934169277, 0.6093755169105566, 0.5753000387146728, 0.5828460038986355, 0.5252552231718899, 0.6623500560382612, 0.6334168755221387, 0.5598126862494679, 0.5360180754917597, 0.5447453340310483]}