{"epoch_year": [0.5378787878787878, 0.448989898989899, 0.4042174996720452, 0.39718614718614725, 0.4978551751279024, 0.38143338143338146, 0.5335257335257336, 0.4661856661856662, 0.5126743626743626, 0.3934420798057161], "epoch_poet": [0.34173116445843715, 0.36445187808824175, 0.4105579605579606, 0.53906598452053, 0.37032782032782036, 0.45974900520355066, 0.43715728715728724, 0.4813131313131313, 0.38542568542568545, 0.4787397787397787]}