{"epoch_year": [0.3417901963356509, 0.23585858585858588], "epoch_poet": [0.34827714373168916, 0.2480640571549662]}