{"epoch_year": [0.6948489221216494, 0.631081376535922, 0.6471620971620972, 0.6403559403559402, 0.5244107744107743, 0.6704425204425204, 0.6753246753246753, 0.6169552669552669, 0.6414381914381914, 0.5719095719095719], "epoch_poet": [0.7718483536665356, 0.6016890516890517, 0.5988455988455988, 0.6498556998557, 0.597043697043697, 0.576426603699331, 0.6680134680134681, 0.6058201058201058, 0.5770803270803272, 0.6300953255498711]}