{"epoch_year": [0.7085450464238344, 0.49074875741542395, 0.5378213957759412, 0.5140255367528095, 0.5267995472540927, 0.6021043771043771, 0.6263047138047138, 0.5485890652557319, 0.6094658708295072, 0.44011325374961746], "epoch_poet": [0.6295033670033671, 0.48617123617123614, 0.5596615505706415, 0.6307687262232717, 0.3792097633006724, 0.569632836299503, 0.5941447861902407, 0.5473574125089277, 0.591514714241987, 0.46889406889406887]}