{"epoch_year": [0.7528735632183908, 0.6120477176377798, 0.6201814058956917, 0.6149835926749233, 0.7118779753230351, 0.7317003199823459, 0.6817496229260936, 0.6361685823754789, 0.7007924802863155, 0.6226379440665154], "epoch_poet": [0.6861104595094742, 0.5715450848800493, 0.6485731633272617, 0.6444444444444444, 0.6393565109552585, 0.7390876308046281, 0.7594780806048412, 0.6299956082564778, 0.5784340187466261, 0.6377610693400166]}