{"cv1": [{"epoch": 1, "train_loss": 1.0511899800861584, "val_loss": 0.9919245392084122, "val_acc": 0.5184523809523809, "train_time": "0:00:11", "val_time": "0:00:00"}]}