{"cv1": [{"epoch": 1, "train_loss": 1.072478538050371, "val_loss": 1.0758184641599655, "val_acc": 0.3888888888888889, "train_time": "0:00:11", "val_time": "0:00:00"}]}