{"cv1": [{"epoch": 1, "train_loss": 1.0724960565567017, "val_loss": 0.9874444603919983, "val_acc": 0.5089285714285714, "train_time": "0:00:11", "val_time": "0:00:00"}]}