{"cv1": [{"epoch": 1, "train_loss": 1.0694211668827955, "val_loss": 1.0185267627239227, "val_acc": 0.3494949494949495, "train_time": "0:00:11", "val_time": "0:00:00"}]}