{"cv1": [{"epoch": 1, "train_loss": 1.0776087378754335, "val_loss": 1.0375376641750336, "val_acc": 0.43392857142857144, "train_time": "0:00:11", "val_time": "0:00:00"}], "cv2": [{"epoch": 1, "train_loss": 1.05360045152552, "val_loss": 0.9906116724014282, "val_acc": 0.508531746031746, "train_time": "0:00:11", "val_time": "0:00:00"}]}