{"cv1": [{"epoch": 1, "train_loss": 1.0727854283416973, "val_loss": 0.9838252067565918, "val_acc": 0.42023809523809524, "train_time": "0:00:11", "val_time": "0:00:00"}]}