{"cv1": [{"epoch": 1, "train_loss": 1.0319475023185505, "val_loss": 0.9426887780427933, "val_acc": 0.3632936507936508, "train_time": "0:00:11", "val_time": "0:00:00"}]}