{"cv1": [{"epoch": 1, "train_loss": 1.0767389413188486, "val_loss": 0.9523057639598846, "val_acc": 0.492550505050505, "train_time": "0:00:11", "val_time": "0:00:00"}]}