{"cv1": [{"epoch": 1, "train_loss": 1.11808622935239, "val_loss": 1.0406102985143661, "val_acc": 0.33571428571428574, "train_time": "0:00:11", "val_time": "0:00:00"}]}