{"cv1": [{"epoch": 1, "train_loss": 1.0691644216285032, "val_loss": 1.0452634990215302, "val_acc": 0.40782828282828276, "train_time": "0:00:11", "val_time": "0:00:00"}]}