{"cv1": [{"epoch": 1, "train_loss": 0.8669722290600047, "val_loss": 0.9762956202030182, "val_acc": 0.23632478632478632, "train_time": "0:00:11", "val_time": "0:00:00"}]}