{"cv1": [{"epoch": 1, "train_loss": 1.1120705712925305, "val_loss": 1.0843425880778919, "val_acc": 0.34827714373168916, "train_time": "0:00:03", "val_time": "0:00:01"}], "cv2": [{"epoch": 1, "train_loss": 1.1247328303077004, "val_loss": 1.106078099120747, "val_acc": 0.2480640571549662, "train_time": "0:00:03", "val_time": "0:00:01"}]}