{"cv1": [{"epoch": 1, "train_loss": 1.0851540515820186, "val_loss": 1.0155573704025962, "val_acc": 0.34173116445843715, "train_time": "0:00:31", "val_time": "0:00:01"}], "cv2": [{"epoch": 1, "train_loss": 1.1016246334960063, "val_loss": 1.0279639525847002, "val_acc": 0.36445187808824175, "train_time": "0:00:32", "val_time": "0:00:01"}], "cv3": [{"epoch": 1, "train_loss": 1.0161725251624982, "val_loss": 1.0042746554721484, "val_acc": 0.4105579605579606, "train_time": "0:00:33", "val_time": "0:00:01"}], "cv4": [{"epoch": 1, "train_loss": 1.022131538639466, "val_loss": 0.9257621006532148, "val_acc": 0.53906598452053, "train_time": "0:00:34", "val_time": "0:00:01"}], "cv5": [{"epoch": 1, "train_loss": 1.0088808294385672, "val_loss": 0.9809194803237915, "val_acc": 0.37032782032782036, "train_time": "0:00:33", "val_time": "0:00:01"}], "cv6": [{"epoch": 1, "train_loss": 0.9787623478720585, "val_loss": 0.9240891391580756, "val_acc": 0.45974900520355066, "train_time": "0:00:34", "val_time": "0:00:01"}], "cv7": [{"epoch": 1, "train_loss": 1.0359154995530844, "val_loss": 0.977345428683541, "val_acc": 0.43715728715728724, "train_time": "0:00:34", "val_time": "0:00:01"}], "cv8": [{"epoch": 1, "train_loss": 1.0500458621730406, "val_loss": 0.9624644572084601, "val_acc": 0.4813131313131313, "train_time": "0:00:33", "val_time": "0:00:01"}], "cv9": [{"epoch": 1, "train_loss": 1.0232914419223864, "val_loss": 0.9487654079090465, "val_acc": 0.38542568542568545, "train_time": "0:00:34", "val_time": "0:00:01"}], "cv10": [{"epoch": 1, "train_loss": 0.9793772716075182, "val_loss": 0.8732413053512573, "val_acc": 0.4787397787397787, "train_time": "0:00:33", "val_time": "0:00:01"}]}