{"epoch_year": [0.711635328618251, 0.662423086785693, 0.5950576642780743, 0.7319605032648511, 0.640637904542399, 0.5935381158439061, 0.6813860609217763, 0.642063325784256, 0.716885989688944, 0.7139908912972363], "epoch_poet": [0.7755382051428655, 0.7855106076691144, 0.8061300799694315, 0.7778096452012875, 0.7789619882490656, 0.7494354065986283, 0.7762610560057502, 0.7626697603037117, 0.7385377958637508, 0.7358600966609207]}