{"epoch_year": [0.6622902438691912, 0.6720552352131298, 0.6463777450619556, 0.682724974830238, 0.6524805116910379, 0.6804727923148975, 0.6629291274028116, 0.6594372002266738, 0.6992701255859151, 0.6724025974025976], "epoch_poet": [0.7243664717348928, 0.7617503354345461, 0.7264485514485516, 0.766558977085293, 0.7152673350041772, 0.7287182602972077, 0.7329295460874408, 0.7055694792536898, 0.6687753766701134, 0.7118313460418724]}