{"epoch_year": [0.7379209067593283, 0.7226264690853347, 0.6039742629725158, 0.7005522406545289, 0.48418613328620114, 0.5767857142857143, 0.6240764138663756, 0.6058407382091593, 0.6796195690719018, 0.6037254263060715], "epoch_poet": [0.7528952421288263, 0.7698145771894674, 0.8085228115601947, 0.7900548297319538, 0.7581173968270742, 0.7177713196700033, 0.7721581196581196, 0.6936173295660364, 0.7037161744160539, 0.7455896974214348]}