{"epoch_year": [0.6636602422579886, 0.7352830021107292, 0.6792780380270047, 0.6405675865353285, 0.6239325989662765, 0.6113214974609297, 0.6908641975308641, 0.6074230436459538, 0.7003034235738638, 0.6904454452544219], "epoch_poet": [0.7605471536671312, 0.7924019804630001, 0.7781207133058984, 0.7628544236222831, 0.7646164457278853, 0.7447630021161165, 0.736322885035091, 0.7384908237107228, 0.7063606857426487, 0.7443430065934602]}