{"epoch_year": [0.7565359477124183, 0.6649788120376356, 0.6911966677924125, 0.6983463107156099, 0.637037037037037, 0.6790488001732317, 0.6931216931216931, 0.7200519319458977, 0.7138369826894416, 0.6557823129251701], "epoch_poet": [0.8296846011131725, 0.72953216374269, 0.6833480079242791, 0.6702741702741704, 0.7583193431915921, 0.7108279729506846, 0.7420078660750303, 0.6991704083282547, 0.6623434222355409, 0.7713861018208844]}