{"epoch_year": [0.7619832302035691, 0.6130290795263802, 0.7129510111254532, 0.6135119047619048, 0.6393030343076597, 0.6404286320293625, 0.6850572605805104, 0.6925925925925925, 0.7003729603729605, 0.6857452911864095], "epoch_poet": [0.7825754415241274, 0.6438319744771358, 0.7012578616352201, 0.6570874645123332, 0.7388519339738852, 0.7298711896019118, 0.6453477868112014, 0.6315401016893555, 0.6012214018776776, 0.6313786033441975]}