{"cv1": [{"epoch": 1, "train_loss": 1.1526137373664163, "val_loss": 1.0759013837034053, "val_acc": 0.3417901963356509, "train_time": "0:00:03", "val_time": "0:00:01"}], "cv2": [{"epoch": 1, "train_loss": 1.0937589732083408, "val_loss": 1.10162645036524, "val_acc": 0.23585858585858588, "train_time": "0:00:03", "val_time": "0:00:01"}]}