{"cv1": [{"epoch": 1, "train_loss": 1.0422723529239495, "val_loss": 0.8947601209987294, "val_acc": 0.5378787878787878, "train_time": "0:00:30", "val_time": "0:00:01"}], "cv2": [{"epoch": 1, "train_loss": 1.0978132784366608, "val_loss": 1.0659116289832375, "val_acc": 0.448989898989899, "train_time": "0:00:32", "val_time": "0:00:01"}], "cv3": [{"epoch": 1, "train_loss": 1.0526447327186663, "val_loss": 0.9974249438806013, "val_acc": 0.4042174996720452, "train_time": "0:00:33", "val_time": "0:00:01"}], "cv4": [{"epoch": 1, "train_loss": 1.0703708417713642, "val_loss": 1.018384662541476, "val_acc": 0.39718614718614725, "train_time": "0:00:34", "val_time": "0:00:01"}], "cv5": [{"epoch": 1, "train_loss": 1.0618383878221114, "val_loss": 0.9771983352574435, "val_acc": 0.4978551751279024, "train_time": "0:00:34", "val_time": "0:00:01"}], "cv6": [{"epoch": 1, "train_loss": 1.0758594740182161, "val_loss": 1.0550010746175593, "val_acc": 0.38143338143338146, "train_time": "0:00:34", "val_time": "0:00:01"}], "cv7": [{"epoch": 1, "train_loss": 1.0721339986970027, "val_loss": 0.9737697026946328, "val_acc": 0.5335257335257336, "train_time": "0:00:34", "val_time": "0:00:01"}], "cv8": [{"epoch": 1, "train_loss": 1.035566455995043, "val_loss": 0.967602713541551, "val_acc": 0.4661856661856662, "train_time": "0:00:34", "val_time": "0:00:01"}], "cv9": [{"epoch": 1, "train_loss": 1.0190071444958448, "val_loss": 0.9449952082200483, "val_acc": 0.5126743626743626, "train_time": "0:00:33", "val_time": "0:00:01"}], "cv10": [{"epoch": 1, "train_loss": 1.0882091410458088, "val_loss": 1.0304816581986167, "val_acc": 0.3934420798057161, "train_time": "0:00:34", "val_time": "0:00:01"}]}