,LSVM,LR
year,0.5179455389828951,0.5100583790777798
poet,0.6669156509408314,0.6662045689520777
