,clf,durations
0,LSVM,[9936.89544582367]
1,LR,[246425.80385255814]
