,clf,durations
0,LSVM,[2202.797892332077]
1,LR,[18443.082273721695]
