{"epoch_year": [0.6106513369671265, 0.6377431535326271, 0.5917312706786391, 0.623058666479719, 0.6320154504365029, 0.612591648117964, 0.6066766079923973, 0.622901416322469, 0.6991557662610294, 0.6301987973040606], "epoch_poet": [0.693570415938837, 0.7005113794587478, 0.6771847548163337, 0.6675379201694992, 0.689281284018126, 0.6749512670565303, 0.7018448900027848, 0.675824662666768, 0.6601173680121049, 0.7155780866307183]}