{"epoch_year": [0.6966198784380603, 0.5966417420962875, 0.6565656565656566, 0.5951491269673088, 0.6699522699522699, 0.653030303030303, 0.624098124098124, 0.7125781625781626, 0.6178210678210678, 0.5516835016835017], "epoch_poet": [0.8738204556386374, 0.6687459005640825, 0.5915103415103414, 0.602116402116402, 0.6445993400538854, 0.6875180375180375, 0.6450784905330359, 0.6105098605098604, 0.5916546416546417, 0.7321067821067822]}