{"epoch_year": [0.6914972233154051, 0.556093401547947, 0.5953583453583452, 0.5584415584415585, 0.6138637456819274, 0.6027417027417027, 0.6408260090078272, 0.5132034632034631, 0.6915103415103414, 0.46534391534391534], "epoch_poet": [0.7707792207792207, 0.5288600288600288, 0.5600135554681008, 0.675877825877826, 0.6761423761423762, 0.7653679653679654, 0.6692881192881194, 0.5906685906685906, 0.5822510822510822, 0.6191678691678691]}