{"epoch_year": [0.6127946127946127, 0.581096681096681, 0.4794853294853295, 0.546232891687437, 0.5626240762604399, 0.5610630110630112, 0.5458087367178277, 0.5945996764178582, 0.5094757094757095, 0.5398377716559536], "epoch_poet": [0.6201298701298701, 0.5649547422274694, 0.5332611832611831, 0.5216515807424899, 0.44309764309764305, 0.593421225239407, 0.5318509773055227, 0.5588263588263588, 0.46293891293891304, 0.4531024531024531]}