,LSVM,LR
year,0.4614927972037471,0.4290146444975179
poet,0.6693029289414418,0.6155724530294824
