,LSVM,LR
year,0.5761400860499513,0.5878772433332186
poet,0.5845116493988789,0.5506897017429859
