,LSVM,LR
year,0.49178352158369754,0.48637687550611536
poet,0.668361103411946,0.6686711279799976
multilabel,0.5337851360108938,0.5251259190506162
