,LSVM,LR
year,0.5778568688514911,0.5354352791246613
poet,0.5802896199040755,0.5163420292827826
