,LSVM,LR
year,0.49178352158369754,0.4756979468300514
poet,0.668361103411946,0.6703414131216673
