,LSVM,LR
year,0.5863620535359984,0.5833237459147576
poet,0.5850830322077913,0.5786847850953019
