,LSVM,LR
year,0.45499706891153846,0.3962382679002464
poet,0.6735061880484677,0.6443350706894669
