,LSVM,LR
year,0.5724376283787966,0.5798740140382515
poet,0.5935854108332316,0.586740260587731
multilabel,0.4572236230977304,0.419917244092929
