,LSVM,LR
year,0.5724376283787966,0.5689856327658797
poet,0.5919611857430269,0.5709343145908439
