,LSVM,LR
year,0.5724376283787966,0.5739054030740265
poet,0.5919611857430269,0.5820759391450876
multilabel,0.4572236230977304,0.419917244092929
