,clf,durations
0,LSVM,[10214.520980834961]
1,LR,[31554.844695091248]
