,clf,durations
0,LSVM,[28.167909145355225]
1,LR,[48.94485902786255]
