,clf,durations
0,LSVM,[245.0830409526825]
1,LR,[149.65694904327393]
