,clf,durations
0,LSVM,[1814.1351580619812]
1,LR,[3524.380026817322]
