,clf,durations
0,LSVM,[1227.210964679718]
1,LR,[52780.03663158417]
