,clf,durations
0,LSVM,[6643.6077353954315]
1,LR,[68581.1435174942]
