,clf,durations
0,LSVM,[124.7885320186615]
1,LR,[1206.520336151123]
