,clf,durations
0,LSVM,[123.12271094322205]
1,LR,[391.9165208339691]
