,clf,durations
0,LSVM,[2998.9896891117096]
1,LR,[6473.763465642929]
